Date,Client,Time (microseconds)
2023-03-31T08:30:34.608Z,100,0
2023-03-31T08:30:35.608Z,100,1767
2023-03-31T08:30:36.609Z,100,2905
2023-03-31T08:30:37.609Z,100,4730
2023-03-31T08:30:38.609Z,100,4776
2023-03-31T08:30:39.610Z,100,3440
2023-03-31T08:30:40.610Z,100,3620
2023-03-31T08:30:41.610Z,100,3850
2023-03-31T08:30:42.610Z,100,3480
2023-03-31T08:30:43.610Z,100,3420
2023-03-31T08:30:44.610Z,100,3780
2023-03-31T08:30:45.610Z,100,3510
2023-03-31T08:30:46.610Z,100,3760
2023-03-31T08:30:47.610Z,100,3750
2023-03-31T08:30:48.610Z,100,4200
2023-03-31T08:30:49.610Z,100,4020
2023-03-31T08:30:50.610Z,100,3960
2023-03-31T08:30:51.611Z,100,4160
2023-03-31T08:30:52.612Z,100,3340
2023-03-31T08:30:53.612Z,100,3190
2023-03-31T08:30:54.612Z,100,3480
2023-03-31T08:30:55.612Z,100,3520
2023-03-31T08:30:56.613Z,100,4140
2023-03-31T08:30:57.613Z,100,3760
2023-03-31T08:30:58.613Z,100,3800
2023-03-31T08:30:59.614Z,100,3370
2023-03-31T08:31:00.614Z,100,3660
2023-03-31T08:31:01.614Z,100,3480
2023-03-31T08:31:02.615Z,100,3820
2023-03-31T08:31:03.615Z,100,3430
2023-03-31T08:31:04.615Z,100,3350
2023-03-31T08:31:05.616Z,100,3370
2023-03-31T08:31:06.616Z,100,3550
2023-03-31T08:31:07.616Z,100,3400
2023-03-31T08:31:08.617Z,100,3280
2023-03-31T08:31:09.617Z,100,3360
2023-03-31T08:31:10.618Z,100,3150
2023-03-31T08:31:11.618Z,100,3400
2023-03-31T08:31:12.618Z,100,3300
2023-03-31T08:31:13.619Z,100,3140
2023-03-31T08:31:14.620Z,100,3090
2023-03-31T08:31:15.620Z,100,3240
2023-03-31T08:31:16.620Z,100,3300
2023-03-31T08:31:17.620Z,100,4170
2023-03-31T08:31:18.620Z,100,4440
2023-03-31T08:31:19.620Z,100,3260
2023-03-31T08:31:20.620Z,100,3910
2023-03-31T08:31:21.620Z,100,3690
2023-03-31T08:31:22.621Z,100,3360
2023-03-31T08:31:23.621Z,100,3360
2023-03-31T08:31:24.621Z,100,3450
2023-03-31T08:31:25.622Z,100,3590
2023-03-31T08:31:26.622Z,100,3320
2023-03-31T08:31:27.622Z,100,3090
2023-03-31T08:31:28.623Z,100,3690
2023-03-31T08:31:29.624Z,100,3640
2023-03-31T08:31:30.626Z,100,3490
2023-03-31T08:31:31.629Z,100,3130
2023-03-31T08:31:32.630Z,100,3060
2023-03-31T08:31:33.630Z,100,3250
2023-03-31T08:31:34.632Z,100,3480
2023-03-31T08:31:35.632Z,100,3190
2023-03-31T08:31:36.633Z,100,3140
2023-03-31T08:31:37.634Z,100,3210
2023-03-31T08:31:38.635Z,100,3030
2023-03-31T08:31:39.636Z,100,3260
2023-03-31T08:31:40.639Z,100,3360
2023-03-31T08:31:41.640Z,100,3560
2023-03-31T08:31:42.643Z,100,3150
2023-03-31T08:31:43.642Z,100,3340
2023-03-31T08:31:44.644Z,100,3400
2023-03-31T08:31:45.647Z,100,2980
2023-03-31T08:31:46.648Z,100,3380
2023-03-31T08:31:47.648Z,100,3220
2023-03-31T08:31:48.648Z,100,3180
2023-03-31T08:31:49.648Z,100,3220
2023-03-31T08:31:50.651Z,100,3170
2023-03-31T08:31:51.652Z,100,3040
2023-03-31T08:31:52.654Z,100,2960
2023-03-31T08:31:53.657Z,100,3180
2023-03-31T08:31:54.657Z,100,3190
2023-03-31T08:31:55.659Z,100,3080
2023-03-31T08:31:56.660Z,100,3100
2023-03-31T08:31:57.663Z,100,2910
2023-03-31T08:31:58.664Z,100,3080
2023-03-31T08:31:59.666Z,100,3210
2023-03-31T08:32:00.668Z,100,3150
2023-03-31T08:32:01.668Z,100,3230
2023-03-31T08:32:02.669Z,100,3420
2023-03-31T08:32:03.672Z,100,2920
2023-03-31T08:32:04.672Z,100,3230
2023-03-31T08:32:05.675Z,100,3050
2023-03-31T08:32:06.676Z,100,3510
2023-03-31T08:32:07.679Z,100,2830
2023-03-31T08:32:08.679Z,100,2810
2023-03-31T08:32:09.680Z,100,3080
2023-03-31T08:32:10.680Z,100,2930
2023-03-31T08:32:11.683Z,100,3180
2023-03-31T08:32:12.684Z,100,2850
2023-03-31T08:32:13.684Z,100,2860
2023-03-31T08:32:14.687Z,100,3360
2023-03-31T08:32:15.688Z,100,2940
2023-03-31T08:32:16.691Z,100,3410
2023-03-31T08:32:17.690Z,100,3480
2023-03-31T08:32:18.692Z,100,2950
2023-03-31T08:32:19.695Z,100,3140
2023-03-31T08:32:20.696Z,100,3130
2023-03-31T08:32:21.697Z,100,2900
2023-03-31T08:32:22.699Z,100,3050
2023-03-31T08:32:23.700Z,100,3380
2023-03-31T08:32:24.703Z,100,3090
2023-03-31T08:32:25.705Z,100,3100
2023-03-31T08:32:26.705Z,100,3070
2023-03-31T08:32:27.707Z,100,2950
2023-03-31T08:32:28.708Z,100,3150
2023-03-31T08:32:29.711Z,100,3050
2023-03-31T08:32:30.712Z,100,3310
2023-03-31T08:32:31.715Z,100,3300
2023-03-31T08:32:32.716Z,100,3760
2023-03-31T08:32:33.717Z,100,2960
2023-03-31T08:32:34.720Z,100,3170
2023-03-31T08:32:35.723Z,100,2760
2023-03-31T08:32:36.724Z,100,3240
2023-03-31T08:32:37.725Z,100,2910
2023-03-31T08:32:38.726Z,100,3050
2023-03-31T08:32:39.726Z,100,3520
2023-03-31T08:32:40.728Z,100,3050
2023-03-31T08:32:41.731Z,100,2930
2023-03-31T08:32:42.732Z,100,3610
2023-03-31T08:32:43.735Z,100,3060
2023-03-31T08:32:44.736Z,100,2880
2023-03-31T08:32:45.736Z,100,3440
2023-03-31T08:32:46.736Z,100,3140
2023-03-31T08:32:47.739Z,100,3140
2023-03-31T08:32:48.740Z,100,2960
2023-03-31T08:32:49.740Z,100,3150
2023-03-31T08:32:50.742Z,100,3370
2023-03-31T08:32:51.744Z,100,3210
2023-03-31T08:32:52.747Z,100,2900
2023-03-31T08:32:53.748Z,100,2970
2023-03-31T08:32:54.748Z,100,3380
2023-03-31T08:32:55.751Z,100,3280
2023-03-31T08:32:56.752Z,100,3000
2023-03-31T08:32:57.755Z,100,2840
2023-03-31T08:32:58.756Z,100,3040
2023-03-31T08:32:59.758Z,100,2880
2023-03-31T08:33:00.760Z,100,2760
2023-03-31T08:33:01.760Z,100,2830
2023-03-31T08:33:02.760Z,100,2880
2023-03-31T08:33:03.760Z,100,3090
2023-03-31T08:33:04.761Z,100,3010
2023-03-31T08:33:05.763Z,100,2600
2023-03-31T08:33:06.764Z,100,2950
2023-03-31T08:33:07.766Z,100,2770
2023-03-31T08:33:08.768Z,100,3170
2023-03-31T08:33:09.771Z,100,2730
2023-03-31T08:33:10.772Z,100,3170
2023-03-31T08:33:11.776Z,100,3120
2023-03-31T08:33:12.776Z,100,3050
2023-03-31T08:33:13.777Z,100,2620
2023-03-31T08:33:14.778Z,100,2620
2023-03-31T08:33:15.780Z,100,2650
2023-03-31T08:33:16.780Z,100,3190
2023-03-31T08:33:17.781Z,100,3510
2023-03-31T08:33:18.782Z,100,3010
2023-03-31T08:33:19.784Z,100,2940
2023-03-31T08:33:20.788Z,100,3170
2023-03-31T08:33:21.788Z,100,2590
2023-03-31T08:33:22.791Z,100,2940
2023-03-31T08:33:23.791Z,100,3050
2023-03-31T08:33:24.793Z,100,2800
2023-03-31T08:33:25.795Z,100,3090
2023-03-31T08:33:26.796Z,100,3430
2023-03-31T08:33:27.799Z,100,3030
2023-03-31T08:33:28.799Z,100,2860
2023-03-31T08:33:29.800Z,100,3060
2023-03-31T08:33:30.801Z,100,3070
2023-03-31T08:33:31.802Z,100,3010
2023-03-31T08:33:32.804Z,100,3080
2023-03-31T08:33:33.805Z,100,2710
2023-03-31T08:33:34.805Z,100,3670
2023-03-31T08:33:35.806Z,100,3320
2023-03-31T08:33:36.808Z,100,2910
2023-03-31T08:33:37.811Z,100,2890
2023-03-31T08:33:38.812Z,100,3220
2023-03-31T08:33:39.816Z,100,2990
2023-03-31T08:33:40.816Z,100,3080
2023-03-31T08:33:41.819Z,100,3310
2023-03-31T08:33:42.820Z,100,3340
2023-03-31T08:33:43.820Z,100,2990
2023-03-31T08:33:44.822Z,100,2830
2023-03-31T08:33:45.822Z,100,2880
2023-03-31T08:33:46.823Z,100,2880
2023-03-31T08:33:47.824Z,100,3170
2023-03-31T08:33:48.824Z,100,3340
2023-03-31T08:33:49.824Z,100,2980
2023-03-31T08:33:50.824Z,100,2710
2023-03-31T08:33:51.825Z,100,3410
2023-03-31T08:33:52.825Z,100,2820
2023-03-31T08:33:53.825Z,100,3000
2023-03-31T08:33:54.826Z,100,3020
2023-03-31T08:33:55.826Z,100,3400
2023-03-31T08:33:56.827Z,100,3020
2023-03-31T08:33:57.827Z,100,3810
2023-03-31T08:33:58.827Z,100,2690
2023-03-31T08:33:59.828Z,100,3050
2023-03-31T08:34:00.829Z,100,3120
2023-03-31T08:34:01.831Z,100,2940
2023-03-31T08:34:02.831Z,100,2730
2023-03-31T08:34:03.832Z,100,3170
2023-03-31T08:34:04.832Z,100,3060
2023-03-31T08:34:05.833Z,100,2910
2023-03-31T08:34:06.834Z,100,3420
2023-03-31T08:34:07.834Z,100,2860
2023-03-31T08:34:08.835Z,100,2820
2023-03-31T08:34:09.836Z,100,3390
2023-03-31T08:34:10.837Z,100,2900
2023-03-31T08:34:11.838Z,100,3090
2023-03-31T08:34:12.838Z,100,2730
2023-03-31T08:34:13.839Z,100,3320
2023-03-31T08:34:14.839Z,100,3090
2023-03-31T08:34:15.839Z,100,3110
2023-03-31T08:34:16.840Z,100,3860
2023-03-31T08:34:17.840Z,100,3930
2023-03-31T08:34:18.840Z,100,3530
2023-03-31T08:34:19.840Z,100,3090
2023-03-31T08:34:20.841Z,100,3910
2023-03-31T08:34:21.842Z,100,3420
2023-03-31T08:34:22.842Z,100,2810
2023-03-31T08:34:23.843Z,100,3180
2023-03-31T08:34:24.844Z,100,2980
2023-03-31T08:34:25.844Z,100,3340
2023-03-31T08:34:26.845Z,100,3530
2023-03-31T08:34:27.847Z,100,3000
2023-03-31T08:34:28.847Z,100,3600
2023-03-31T08:34:29.847Z,100,2760
2023-03-31T08:34:30.848Z,100,2850
2023-03-31T08:34:31.849Z,100,3390
2023-03-31T08:34:32.850Z,100,2980
2023-03-31T08:34:33.851Z,100,2920
2023-03-31T08:34:34.852Z,100,3160
2023-03-31T08:34:35.852Z,100,2850
2023-03-31T08:34:36.852Z,100,2770
2023-03-31T08:34:37.854Z,100,2800
2023-03-31T08:34:38.854Z,100,2870
2023-03-31T08:34:39.854Z,100,2530
2023-03-31T08:34:40.855Z,100,2850
2023-03-31T08:34:41.855Z,100,2930
2023-03-31T08:34:42.856Z,100,2730
2023-03-31T08:34:43.857Z,100,2640
2023-03-31T08:34:44.857Z,100,3790
2023-03-31T08:34:45.858Z,100,2960
2023-03-31T08:34:46.858Z,100,2690
2023-03-31T08:34:47.860Z,100,2610
2023-03-31T08:34:48.861Z,100,2890
2023-03-31T08:34:49.861Z,100,2830
2023-03-31T08:34:50.861Z,100,2810
2023-03-31T08:34:51.861Z,100,2930
2023-03-31T08:34:52.861Z,100,3920
2023-03-31T08:34:53.862Z,100,2910
2023-03-31T08:34:54.863Z,100,3110
2023-03-31T08:34:55.864Z,100,2740
2023-03-31T08:34:56.864Z,100,2820
2023-03-31T08:34:57.866Z,100,3460
2023-03-31T08:34:58.866Z,100,4410
2023-03-31T08:34:59.867Z,100,3950
2023-03-31T08:35:00.868Z,100,4480
2023-03-31T08:35:01.868Z,100,3070
2023-03-31T08:35:02.869Z,100,3610
2023-03-31T08:35:03.870Z,100,2750
2023-03-31T08:35:04.871Z,100,3150
2023-03-31T08:35:05.872Z,100,2910
2023-03-31T08:35:06.873Z,100,2890
2023-03-31T08:35:07.874Z,100,2820
2023-03-31T08:35:08.875Z,100,2750
2023-03-31T08:35:09.875Z,100,3020
2023-03-31T08:35:10.876Z,100,3140
2023-03-31T08:35:11.876Z,100,2850
2023-03-31T08:35:12.876Z,100,2950
2023-03-31T08:35:13.877Z,100,2570
2023-03-31T08:35:14.878Z,100,3060
2023-03-31T08:35:15.879Z,100,2740
2023-03-31T08:35:16.879Z,100,3610
2023-03-31T08:35:17.880Z,100,3860
2023-03-31T08:35:18.881Z,100,3130
2023-03-31T08:35:19.882Z,100,3310
2023-03-31T08:35:20.883Z,100,3360
2023-03-31T08:35:21.883Z,100,3260
2023-03-31T08:35:22.884Z,100,3720
2023-03-31T08:35:23.885Z,100,3620
2023-03-31T08:35:24.886Z,100,3060
2023-03-31T08:35:25.886Z,100,3280
2023-03-31T08:35:26.888Z,100,3340
2023-03-31T08:35:27.889Z,100,3680
2023-03-31T08:35:28.889Z,100,2720
2023-03-31T08:35:29.890Z,100,3130
2023-03-31T08:35:30.891Z,100,2970
2023-03-31T08:35:31.891Z,100,2930
2023-03-31T08:35:32.891Z,100,3000
2023-03-31T08:35:33.891Z,100,3160
2023-03-31T08:35:34.892Z,100,2960
2023-03-31T08:35:35.893Z,100,2810
2023-03-31T08:35:36.894Z,100,3770
2023-03-31T08:35:37.896Z,100,3110
2023-03-31T08:35:38.896Z,100,3170
2023-03-31T08:35:39.896Z,100,3540
2023-03-31T08:35:40.897Z,100,2720
2023-03-31T08:35:41.898Z,100,2910
2023-03-31T08:35:42.899Z,100,2960
2023-03-31T08:35:43.900Z,100,4660
2023-03-31T08:35:44.900Z,100,5290
2023-03-31T08:35:45.900Z,100,2990
2023-03-31T08:35:46.901Z,100,5320
2023-03-31T08:35:47.901Z,100,4080
2023-03-31T08:35:48.902Z,100,3640
2023-03-31T08:35:49.902Z,100,4830
2023-03-31T08:35:50.904Z,100,3320
2023-03-31T08:35:51.904Z,100,2870
2023-03-31T08:35:52.904Z,100,3880
2023-03-31T08:35:53.904Z,100,3820
2023-03-31T08:35:54.905Z,100,3550
2023-03-31T08:35:55.905Z,100,4470
2023-03-31T08:35:56.906Z,100,3250
2023-03-31T08:35:57.907Z,100,3790
2023-03-31T08:35:58.907Z,100,4290
2023-03-31T08:35:59.908Z,100,2720
2023-03-31T08:36:00.909Z,100,2560
2023-03-31T08:36:01.910Z,100,3040
2023-03-31T08:36:02.910Z,100,4450
2023-03-31T08:36:03.911Z,100,3300
2023-03-31T08:36:04.911Z,100,2590
2023-03-31T08:36:05.911Z,100,3190
2023-03-31T08:36:06.912Z,100,3350
2023-03-31T08:36:07.912Z,100,2670
2023-03-31T08:36:08.913Z,100,3300
2023-03-31T08:36:09.915Z,100,3670
2023-03-31T08:36:10.916Z,100,3760
2023-03-31T08:36:11.919Z,100,4490
2023-03-31T08:36:12.921Z,100,4390
2023-03-31T08:36:13.921Z,100,4310
2023-03-31T08:36:14.923Z,100,4200
2023-03-31T08:36:15.924Z,100,5150
2023-03-31T08:36:16.926Z,100,3890
2023-03-31T08:36:17.928Z,100,4000
2023-03-31T08:36:18.928Z,100,4410
2023-03-31T08:36:19.930Z,100,4610
2023-03-31T08:36:20.932Z,100,3590
2023-03-31T08:36:21.932Z,100,4290
2023-03-31T08:36:22.932Z,100,4010
2023-03-31T08:36:23.934Z,100,3970
2023-03-31T08:36:24.936Z,100,4560
2023-03-31T08:36:25.936Z,100,4530
2023-03-31T08:36:26.936Z,100,4800
2023-03-31T08:36:27.939Z,100,4740
2023-03-31T08:36:28.940Z,100,6810
2023-03-31T08:36:29.944Z,100,4970
2023-03-31T08:36:30.944Z,100,3510
2023-03-31T08:36:31.945Z,100,4880
2023-03-31T08:36:32.946Z,100,3380
2023-03-31T08:36:33.948Z,100,4690
2023-03-31T08:36:34.948Z,100,4230
2023-03-31T08:36:35.952Z,100,4020
2023-03-31T08:36:36.952Z,100,3110
2023-03-31T08:36:37.956Z,100,4770
2023-03-31T08:36:38.960Z,100,3630
2023-03-31T08:36:39.960Z,100,3050
2023-03-31T08:36:40.964Z,100,4460
2023-03-31T08:36:41.967Z,100,4010
2023-03-31T08:36:42.968Z,100,4720
2023-03-31T08:36:43.968Z,100,4540
2023-03-31T08:36:44.969Z,100,3320
2023-03-31T08:36:45.972Z,100,4260
2023-03-31T08:36:46.972Z,100,3210
2023-03-31T08:36:47.976Z,100,4040
2023-03-31T08:36:48.977Z,100,4890
2023-03-31T08:36:49.980Z,100,4200
2023-03-31T08:36:50.980Z,100,5010
2023-03-31T08:36:51.980Z,100,4670
2023-03-31T08:36:52.980Z,100,5290
2023-03-31T08:36:53.984Z,100,4970
2023-03-31T08:36:54.986Z,100,5580
2023-03-31T08:36:55.988Z,100,5660
2023-03-31T08:36:56.992Z,100,4040
2023-03-31T08:36:57.992Z,100,3470
2023-03-31T08:36:58.993Z,100,3670
2023-03-31T08:36:59.996Z,100,4220
2023-03-31T08:37:01.000Z,100,3420
2023-03-31T08:37:02.000Z,100,3900
2023-03-31T08:37:03.004Z,100,4500
2023-03-31T08:37:04.004Z,100,3530
2023-03-31T08:37:05.008Z,100,3700
2023-03-31T08:37:06.008Z,100,2580
2023-03-31T08:37:07.008Z,100,3950
2023-03-31T08:37:08.008Z,100,2870
2023-03-31T08:37:09.010Z,100,4980
2023-03-31T08:37:10.012Z,100,3900
2023-03-31T08:37:11.012Z,100,3410
2023-03-31T08:37:12.016Z,100,3690
2023-03-31T08:37:13.020Z,100,2810
2023-03-31T08:37:14.021Z,100,2900
2023-03-31T08:37:15.024Z,100,3070
2023-03-31T08:37:16.028Z,100,3050
2023-03-31T08:37:17.032Z,100,4930
2023-03-31T08:37:18.032Z,100,4750
2023-03-31T08:37:19.033Z,100,4950
2023-03-31T08:37:20.036Z,100,4780
2023-03-31T08:37:21.038Z,100,4980
2023-03-31T08:37:22.040Z,100,5220
2023-03-31T08:37:23.044Z,100,3590
2023-03-31T08:37:24.048Z,100,3820
2023-03-31T08:37:25.052Z,100,4390
2023-03-31T08:37:26.056Z,100,6930
2023-03-31T08:37:27.058Z,100,4630
2023-03-31T08:37:28.060Z,100,5310
2023-03-31T08:37:29.064Z,100,4430
2023-03-31T08:37:30.068Z,100,4780
2023-03-31T08:37:31.068Z,100,4870
2023-03-31T08:37:32.072Z,100,4430
2023-03-31T08:37:33.073Z,100,4590
2023-03-31T08:37:34.074Z,100,4130
2023-03-31T08:37:35.076Z,100,4790
2023-03-31T08:37:36.076Z,100,5770
2023-03-31T08:37:37.076Z,100,4750
2023-03-31T08:37:38.076Z,100,4770
2023-03-31T08:37:39.078Z,100,6330
2023-03-31T08:37:40.080Z,100,4620
2023-03-31T08:37:41.080Z,100,5770
2023-03-31T08:37:42.082Z,100,4090
2023-03-31T08:37:43.083Z,100,5430
2023-03-31T08:37:44.083Z,100,5700
2023-03-31T08:37:45.083Z,100,4060
2023-03-31T08:37:46.084Z,100,6820
2023-03-31T08:37:47.084Z,100,4750
2023-03-31T08:37:48.086Z,100,5290
2023-03-31T08:37:49.086Z,100,4250
2023-03-31T08:37:50.087Z,100,5270
2023-03-31T08:37:51.087Z,100,6650
2023-03-31T08:37:52.087Z,100,4640
2023-03-31T08:37:53.088Z,100,5510
2023-03-31T08:37:54.088Z,100,4120
2023-03-31T08:37:55.089Z,100,5300
2023-03-31T08:37:56.091Z,100,6990
2023-03-31T08:37:57.091Z,100,5400
2023-03-31T08:37:58.092Z,100,4370
2023-03-31T08:37:59.093Z,100,4510
2023-03-31T08:38:00.093Z,100,5240
2023-03-31T08:38:01.094Z,100,4330
2023-03-31T08:38:02.094Z,100,4330
2023-03-31T08:38:03.096Z,100,4990
2023-03-31T08:38:04.096Z,100,4290
2023-03-31T08:38:05.097Z,100,5170
2023-03-31T08:38:06.099Z,100,3500
2023-03-31T08:38:07.100Z,100,5440
2023-03-31T08:38:08.100Z,100,4900
2023-03-31T08:38:09.100Z,100,4900
2023-03-31T08:38:10.102Z,100,3820
2023-03-31T08:38:11.102Z,100,3480
2023-03-31T08:38:12.104Z,100,3850
2023-03-31T08:38:13.104Z,100,4080
2023-03-31T08:38:14.105Z,100,4560
2023-03-31T08:38:15.105Z,100,5780
2023-03-31T08:38:16.106Z,100,4720
2023-03-31T08:38:17.107Z,100,6320
2023-03-31T08:38:18.108Z,100,5010
2023-03-31T08:38:19.112Z,100,4340
2023-03-31T08:38:20.116Z,100,3440
2023-03-31T08:38:21.116Z,100,4400
2023-03-31T08:38:22.117Z,100,4400
2023-03-31T08:38:23.119Z,100,6710
2023-03-31T08:38:24.120Z,100,3730
2023-03-31T08:38:25.124Z,100,4770
2023-03-31T08:38:26.124Z,100,4630
2023-03-31T08:38:27.128Z,100,3610
2023-03-31T08:38:28.130Z,100,3310
2023-03-31T08:38:29.131Z,100,3650
2023-03-31T08:38:30.132Z,100,2740
2023-03-31T08:38:31.136Z,100,3510
2023-03-31T08:38:32.140Z,100,3240
2023-03-31T08:38:33.144Z,100,2690
2023-03-31T08:38:34.145Z,100,3230
2023-03-31T08:38:35.148Z,100,4200
2023-03-31T08:38:36.152Z,100,3190
2023-03-31T08:38:37.156Z,100,2590
2023-03-31T08:38:38.160Z,100,2670
2023-03-31T08:38:39.164Z,100,2990
2023-03-31T08:38:40.164Z,100,2460
2023-03-31T08:38:41.164Z,100,2780
2023-03-31T08:38:42.164Z,100,3380
2023-03-31T08:38:43.164Z,100,3590
2023-03-31T08:38:44.164Z,100,5910
2023-03-31T08:38:45.168Z,100,4170
2023-03-31T08:38:46.172Z,100,3220
2023-03-31T08:38:47.172Z,100,3750
2023-03-31T08:38:48.175Z,100,5240
2023-03-31T08:38:49.176Z,100,3130
2023-03-31T08:38:50.176Z,100,4080
2023-03-31T08:38:51.176Z,100,3880
2023-03-31T08:38:52.180Z,100,4930
2023-03-31T08:38:53.182Z,100,2590
2023-03-31T08:38:54.182Z,100,3410
2023-03-31T08:38:55.184Z,100,4560
2023-03-31T08:38:56.186Z,100,3700
2023-03-31T08:38:57.188Z,100,3850
2023-03-31T08:38:58.192Z,100,3400
2023-03-31T08:38:59.195Z,100,3730
2023-03-31T08:39:00.196Z,100,3330
2023-03-31T08:39:01.196Z,100,3980
2023-03-31T08:39:02.197Z,100,5130
2023-03-31T08:39:03.200Z,100,3980
2023-03-31T08:39:04.200Z,100,3330
2023-03-31T08:39:05.204Z,100,4020
2023-03-31T08:39:06.208Z,100,2960
2023-03-31T08:39:07.210Z,100,2650
2023-03-31T08:39:08.212Z,100,2360
2023-03-31T08:39:09.212Z,100,2990
2023-03-31T08:39:10.216Z,100,3630
2023-03-31T08:39:11.216Z,100,3800
2023-03-31T08:39:12.218Z,100,3080
2023-03-31T08:39:13.220Z,100,2670
2023-03-31T08:39:14.224Z,100,2680
2023-03-31T08:39:15.224Z,100,3520
2023-03-31T08:39:16.228Z,100,3790
2023-03-31T08:39:17.228Z,100,3270
2023-03-31T08:39:18.232Z,100,3110
2023-03-31T08:39:19.232Z,100,3480
2023-03-31T08:39:20.232Z,100,4380
2023-03-31T08:39:21.232Z,100,3080
2023-03-31T08:39:22.236Z,100,4590
2023-03-31T08:39:23.240Z,100,3250
2023-03-31T08:39:24.240Z,100,4310
2023-03-31T08:39:25.240Z,100,3570
2023-03-31T08:39:26.240Z,100,3060
2023-03-31T08:39:27.240Z,100,3670
2023-03-31T08:39:28.240Z,100,4120
2023-03-31T08:39:29.244Z,100,3740
2023-03-31T08:39:30.245Z,100,4090
2023-03-31T08:39:31.248Z,100,3420
2023-03-31T08:39:32.252Z,100,4070
2023-03-31T08:39:33.256Z,100,4100
2023-03-31T08:39:34.260Z,100,4170
2023-03-31T08:39:35.260Z,100,9560
2023-03-31T08:39:36.260Z,100,3700
2023-03-31T08:39:37.264Z,100,3930
2023-03-31T08:39:38.268Z,100,3170
2023-03-31T08:39:39.271Z,100,3600
2023-03-31T08:39:40.272Z,100,3660
2023-03-31T08:39:41.272Z,100,4240
2023-03-31T08:39:42.276Z,100,2770
2023-03-31T08:39:43.280Z,100,3550
2023-03-31T08:39:44.282Z,100,3580
2023-03-31T08:39:45.284Z,100,3630
2023-03-31T08:39:46.284Z,100,3920
2023-03-31T08:39:47.288Z,100,3720
2023-03-31T08:39:48.288Z,100,2710
2023-03-31T08:39:49.292Z,100,2960
2023-03-31T08:39:50.296Z,100,3500
2023-03-31T08:39:51.300Z,100,4240
2023-03-31T08:39:52.304Z,100,2710
2023-03-31T08:39:53.308Z,100,2800
2023-03-31T08:39:54.311Z,100,3420
2023-03-31T08:39:55.312Z,100,4180
2023-03-31T08:39:56.316Z,100,3540
2023-03-31T08:39:57.316Z,100,3060
2023-03-31T08:39:58.317Z,100,3060
2023-03-31T08:39:59.320Z,100,4490
2023-03-31T08:40:00.320Z,100,3660
2023-03-31T08:40:01.320Z,100,6050
2023-03-31T08:40:02.324Z,100,4760
2023-03-31T08:40:03.328Z,100,3430
2023-03-31T08:40:04.328Z,100,2630
2023-03-31T08:40:05.332Z,100,2660
2023-03-31T08:40:06.336Z,100,2720
2023-03-31T08:40:07.340Z,100,2600
2023-03-31T08:40:08.341Z,100,3220
2023-03-31T08:40:09.344Z,100,2550
2023-03-31T08:40:10.344Z,100,2540
2023-03-31T08:40:11.344Z,100,3170
2023-03-31T08:40:12.344Z,100,3480
2023-03-31T08:40:13.348Z,100,3310
2023-03-31T08:40:14.348Z,100,3020
2023-03-31T08:40:15.352Z,100,2580
2023-03-31T08:40:16.356Z,100,3100
2023-03-31T08:40:17.356Z,100,3320
2023-03-31T08:40:18.359Z,100,3400
2023-03-31T08:40:19.361Z,100,3190
2023-03-31T08:40:20.361Z,100,3910
2023-03-31T08:40:21.364Z,100,2800
2023-03-31T08:40:22.364Z,100,3250
2023-03-31T08:40:23.365Z,100,2980
2023-03-31T08:40:24.366Z,100,3090
2023-03-31T08:40:25.366Z,100,3570
2023-03-31T08:40:26.368Z,100,2740
2023-03-31T08:40:27.372Z,100,3640
2023-03-31T08:40:28.376Z,100,3480
2023-03-31T08:40:29.379Z,100,4040
2023-03-31T08:40:30.380Z,100,3730
2023-03-31T08:40:31.384Z,100,2820
2023-03-31T08:40:32.384Z,100,2510
2023-03-31T08:40:33.386Z,100,2940
2023-03-31T08:40:34.388Z,100,3360
2023-03-31T08:40:35.388Z,100,5170
2023-03-31T08:40:36.392Z,100,2930
2023-03-31T08:40:37.393Z,100,2960
2023-03-31T08:40:38.396Z,100,3150
2023-03-31T08:40:39.400Z,100,3200
2023-03-31T08:40:40.404Z,100,2980
2023-03-31T08:40:41.406Z,100,4040
2023-03-31T08:40:42.408Z,100,2730
2023-03-31T08:40:43.408Z,100,3850
2023-03-31T08:40:44.408Z,100,3770
2023-03-31T08:40:45.408Z,100,3830
2023-03-31T08:40:46.408Z,100,2570
2023-03-31T08:40:47.408Z,100,2830
2023-03-31T08:40:48.408Z,100,3120
2023-03-31T08:40:49.408Z,100,4290
2023-03-31T08:40:50.408Z,100,4200
2023-03-31T08:40:51.409Z,100,4490
2023-03-31T08:40:52.410Z,100,3230
2023-03-31T08:40:53.411Z,100,4010
2023-03-31T08:40:54.411Z,100,3210
2023-03-31T08:40:55.412Z,100,4280
2023-03-31T08:40:56.412Z,100,3960
2023-03-31T08:40:57.413Z,100,2650
2023-03-31T08:40:58.413Z,100,3280
2023-03-31T08:40:59.414Z,100,4050
2023-03-31T08:41:00.415Z,100,3180
2023-03-31T08:41:01.416Z,100,3550
2023-03-31T08:41:02.417Z,100,2900
2023-03-31T08:41:03.418Z,100,2700
2023-03-31T08:41:04.419Z,100,3210
2023-03-31T08:41:05.419Z,100,3260
2023-03-31T08:41:06.419Z,100,2860
2023-03-31T08:41:07.420Z,100,2340
2023-03-31T08:41:08.420Z,100,2700
2023-03-31T08:41:09.422Z,100,2460
2023-03-31T08:41:10.422Z,100,2720
2023-03-31T08:41:11.423Z,100,2860
2023-03-31T08:41:12.424Z,100,4000
2023-03-31T08:41:13.424Z,100,3360
2023-03-31T08:41:14.424Z,100,4070
2023-03-31T08:41:15.424Z,100,3870
2023-03-31T08:41:16.424Z,100,3380
2023-03-31T08:41:17.425Z,100,3730
2023-03-31T08:41:18.426Z,100,3070
2023-03-31T08:41:19.426Z,100,4700
2023-03-31T08:41:20.428Z,100,3410
2023-03-31T08:41:21.427Z,100,3850
2023-03-31T08:41:22.428Z,100,4320
2023-03-31T08:41:23.428Z,100,3570
2023-03-31T08:41:24.428Z,100,2860
2023-03-31T08:41:25.428Z,100,3140
2023-03-31T08:41:26.428Z,100,3560
2023-03-31T08:41:27.429Z,100,3460
2023-03-31T08:41:28.430Z,100,2870
2023-03-31T08:41:29.432Z,100,3250
2023-03-31T08:41:30.431Z,100,4300
2023-03-31T08:41:31.432Z,100,2900
2023-03-31T08:41:32.434Z,100,3460
2023-03-31T08:41:33.434Z,100,2950
2023-03-31T08:41:34.435Z,100,4290
2023-03-31T08:41:35.436Z,100,3780
2023-03-31T08:41:36.437Z,100,4860
2023-03-31T08:41:37.439Z,100,3350
2023-03-31T08:41:38.439Z,100,3470
2023-03-31T08:41:39.439Z,100,2960
2023-03-31T08:41:40.440Z,100,3250
2023-03-31T08:41:41.440Z,100,2830
2023-03-31T08:41:42.440Z,100,4680
2023-03-31T08:41:43.440Z,100,2990
2023-03-31T08:41:44.440Z,100,3380
2023-03-31T08:41:45.441Z,100,3110
2023-03-31T08:41:46.443Z,100,3700
2023-03-31T08:41:47.443Z,100,3110
2023-03-31T08:41:48.443Z,100,2920
2023-03-31T08:41:49.444Z,100,2610
2023-03-31T08:41:50.444Z,100,3410
2023-03-31T08:41:51.445Z,100,3630
2023-03-31T08:41:52.445Z,100,4040
2023-03-31T08:41:53.446Z,100,3390
2023-03-31T08:41:54.446Z,100,3830
2023-03-31T08:41:55.446Z,100,3270
2023-03-31T08:41:56.447Z,100,4950
2023-03-31T08:41:57.448Z,100,3650
2023-03-31T08:41:58.449Z,100,2920
2023-03-31T08:41:59.450Z,100,3650
2023-03-31T08:42:00.450Z,100,4680
2023-03-31T08:42:01.451Z,100,4230
2023-03-31T08:42:02.451Z,100,3770
2023-03-31T08:42:03.452Z,100,3600
2023-03-31T08:42:04.454Z,100,3030
2023-03-31T08:42:05.454Z,100,4310
2023-03-31T08:42:06.455Z,100,2660
2023-03-31T08:42:07.456Z,100,2820
2023-03-31T08:42:08.456Z,100,3560
2023-03-31T08:42:09.456Z,100,2920
2023-03-31T08:42:10.457Z,100,3480
2023-03-31T08:42:11.457Z,100,3510
2023-03-31T08:42:12.457Z,100,2740
2023-03-31T08:42:13.459Z,100,2470
2023-03-31T08:42:14.459Z,100,3200
2023-03-31T08:42:15.460Z,100,2910
2023-03-31T08:42:16.461Z,100,3590
2023-03-31T08:42:17.461Z,100,3180
2023-03-31T08:42:18.462Z,100,3540
2023-03-31T08:42:19.462Z,100,3670
2023-03-31T08:42:20.463Z,100,4050
2023-03-31T08:42:21.464Z,100,3100
2023-03-31T08:42:22.468Z,100,2480
2023-03-31T08:42:23.472Z,100,3050
2023-03-31T08:42:24.472Z,100,3790
2023-03-31T08:42:25.476Z,100,3470
2023-03-31T08:42:26.477Z,100,3000
2023-03-31T08:42:27.480Z,100,3780
2023-03-31T08:42:28.484Z,100,2490
2023-03-31T08:42:29.488Z,100,2630
2023-03-31T08:42:30.488Z,100,2800
2023-03-31T08:42:31.488Z,100,2950
2023-03-31T08:42:32.490Z,100,3060
2023-03-31T08:42:33.492Z,100,2490
2023-03-31T08:42:34.496Z,100,2400
2023-03-31T08:42:35.496Z,100,4090
2023-03-31T08:42:36.497Z,100,3260
2023-03-31T08:42:37.500Z,100,2820
2023-03-31T08:42:38.500Z,100,2730
2023-03-31T08:42:39.504Z,100,2640
2023-03-31T08:42:40.505Z,100,2910
2023-03-31T08:42:41.508Z,100,3410
2023-03-31T08:42:42.512Z,100,2480
2023-03-31T08:42:43.516Z,100,3830
2023-03-31T08:42:44.516Z,100,2370
2023-03-31T08:42:45.520Z,100,2870
2023-03-31T08:42:46.523Z,100,2910
2023-03-31T08:42:47.524Z,100,2630
2023-03-31T08:42:48.528Z,100,2630
2023-03-31T08:42:49.532Z,100,2440
2023-03-31T08:42:50.536Z,100,3010
2023-03-31T08:42:51.540Z,100,3100
2023-03-31T08:42:52.544Z,100,3060
2023-03-31T08:42:53.544Z,100,2830
2023-03-31T08:42:54.544Z,100,2860
2023-03-31T08:42:55.544Z,100,3920
2023-03-31T08:42:56.548Z,100,3400
2023-03-31T08:42:57.548Z,100,4280
2023-03-31T08:42:58.548Z,100,3970
2023-03-31T08:42:59.551Z,100,3830
2023-03-31T08:43:00.553Z,100,2860
2023-03-31T08:43:01.556Z,100,4280
2023-03-31T08:43:02.556Z,100,3950
2023-03-31T08:43:03.557Z,100,3600
2023-03-31T08:43:04.560Z,100,3250
2023-03-31T08:43:05.564Z,100,3050
2023-03-31T08:43:06.564Z,100,2740
2023-03-31T08:43:07.568Z,100,3390
2023-03-31T08:43:08.568Z,100,3040
2023-03-31T08:43:09.572Z,100,2820
2023-03-31T08:43:10.576Z,100,2490
2023-03-31T08:43:11.580Z,100,2790
2023-03-31T08:43:12.584Z,100,3420
2023-03-31T08:43:13.588Z,100,3290
2023-03-31T08:43:14.592Z,100,3320
2023-03-31T08:43:15.595Z,100,4300
2023-03-31T08:43:16.596Z,100,4430
2023-03-31T08:43:17.596Z,100,3170
2023-03-31T08:43:18.600Z,100,3180
2023-03-31T08:43:19.602Z,100,4090
2023-03-31T08:43:20.604Z,100,3710
2023-03-31T08:43:21.608Z,100,2820
2023-03-31T08:43:22.608Z,100,4060
2023-03-31T08:43:23.611Z,100,4040
2023-03-31T08:43:24.612Z,100,3970
2023-03-31T08:43:25.616Z,100,2870
2023-03-31T08:43:26.620Z,100,3240
2023-03-31T08:43:27.624Z,100,3350
2023-03-31T08:43:28.628Z,100,3600
2023-03-31T08:43:29.632Z,100,4990
2023-03-31T08:43:30.636Z,100,3510
2023-03-31T08:43:31.638Z,100,2920
2023-03-31T08:43:32.640Z,100,3350
2023-03-31T08:43:33.644Z,100,3950
2023-03-31T08:43:34.648Z,100,3450
2023-03-31T08:43:35.652Z,100,4010
2023-03-31T08:43:36.653Z,100,4330
2023-03-31T08:43:37.656Z,100,4350
2023-03-31T08:43:38.656Z,100,3740
2023-03-31T08:43:39.656Z,100,3660
2023-03-31T08:43:40.660Z,100,3090
2023-03-31T08:43:41.664Z,100,3250
2023-03-31T08:43:42.668Z,100,3580
2023-03-31T08:43:43.668Z,100,2810
2023-03-31T08:43:44.668Z,100,2920
2023-03-31T08:43:45.668Z,100,2940
2023-03-31T08:43:46.668Z,100,4040
2023-03-31T08:43:47.669Z,100,4400
2023-03-31T08:43:48.672Z,100,3070
2023-03-31T08:43:49.676Z,100,2630
2023-03-31T08:43:50.680Z,100,4600
2023-03-31T08:43:51.684Z,100,5270
2023-03-31T08:43:52.684Z,100,2780
2023-03-31T08:43:53.684Z,100,2860
2023-03-31T08:43:54.685Z,100,3060
2023-03-31T08:43:55.685Z,100,4740
2023-03-31T08:43:56.688Z,100,4000
2023-03-31T08:43:57.688Z,100,3020
2023-03-31T08:43:58.692Z,100,2650
2023-03-31T08:43:59.692Z,100,5070
2023-03-31T08:44:00.696Z,100,3300
2023-03-31T08:44:01.700Z,100,3520
2023-03-31T08:44:02.700Z,100,4440
2023-03-31T08:44:03.701Z,100,3220
2023-03-31T08:44:04.704Z,100,3310
2023-03-31T08:44:05.708Z,100,2590
2023-03-31T08:44:06.712Z,100,2480
2023-03-31T08:44:07.712Z,100,3170
2023-03-31T08:44:08.717Z,100,2690
2023-03-31T08:44:09.720Z,100,2750
2023-03-31T08:44:10.720Z,100,2890
2023-03-31T08:44:11.720Z,100,2850
2023-03-31T08:44:12.724Z,100,4060
2023-03-31T08:44:13.724Z,100,2890
2023-03-31T08:44:14.728Z,100,2550
2023-03-31T08:44:15.732Z,100,2340
2023-03-31T08:44:16.732Z,100,2440
2023-03-31T08:44:17.733Z,100,4280
2023-03-31T08:44:18.736Z,100,2800
2023-03-31T08:44:19.740Z,100,2670
2023-03-31T08:44:20.744Z,100,2710
2023-03-31T08:44:21.748Z,100,2430
2023-03-31T08:44:22.752Z,100,3030
2023-03-31T08:44:23.756Z,100,2630
2023-03-31T08:44:24.760Z,100,2950
2023-03-31T08:44:25.764Z,100,3870
2023-03-31T08:44:26.768Z,100,3480
2023-03-31T08:44:27.772Z,100,3090
2023-03-31T08:44:28.774Z,100,4110
2023-03-31T08:44:29.776Z,100,3140
2023-03-31T08:44:30.780Z,100,2510
2023-03-31T08:44:31.784Z,100,3990
2023-03-31T08:44:32.788Z,100,2710
2023-03-31T08:44:33.792Z,100,3220
2023-03-31T08:44:34.792Z,100,2540
2023-03-31T08:44:35.792Z,100,2680
2023-03-31T08:44:36.796Z,100,2990
2023-03-31T08:44:37.796Z,100,2550
2023-03-31T08:44:38.800Z,100,3230
2023-03-31T08:44:39.801Z,100,2820
2023-03-31T08:44:40.804Z,100,3690
2023-03-31T08:44:41.808Z,100,2610
2023-03-31T08:44:42.812Z,100,2730
2023-03-31T08:44:43.816Z,100,3320
2023-03-31T08:44:44.817Z,100,3050
2023-03-31T08:44:45.820Z,100,2970
2023-03-31T08:44:46.824Z,100,2860
2023-03-31T08:44:47.828Z,100,2900
2023-03-31T08:44:48.832Z,100,3200
2023-03-31T08:44:49.834Z,100,2680
2023-03-31T08:44:50.836Z,100,2400
2023-03-31T08:44:51.840Z,100,2510
2023-03-31T08:44:52.844Z,100,3170
2023-03-31T08:44:53.849Z,100,3090
2023-03-31T08:44:54.852Z,100,2630
2023-03-31T08:44:55.856Z,100,3050
2023-03-31T08:44:56.856Z,100,2650
2023-03-31T08:44:57.856Z,100,2780
2023-03-31T08:44:58.860Z,100,3000
2023-03-31T08:44:59.860Z,100,2880
2023-03-31T08:45:00.863Z,100,2750
2023-03-31T08:45:01.864Z,100,3180
2023-03-31T08:45:02.868Z,100,2690
2023-03-31T08:45:03.872Z,100,2600
2023-03-31T08:45:04.876Z,100,2790
2023-03-31T08:45:05.880Z,100,3030
2023-03-31T08:45:06.884Z,100,2620
2023-03-31T08:45:07.888Z,100,2770
2023-03-31T08:45:08.890Z,100,2760
2023-03-31T08:45:09.892Z,100,2400
2023-03-31T08:45:10.896Z,100,2820
2023-03-31T08:45:11.900Z,100,2740
2023-03-31T08:45:12.900Z,100,3840
2023-03-31T08:45:13.900Z,100,2540
2023-03-31T08:45:14.904Z,100,2450
2023-03-31T08:45:15.904Z,100,2920
2023-03-31T08:45:16.906Z,100,2850
2023-03-31T08:45:17.908Z,100,3860
2023-03-31T08:45:18.908Z,100,3030
2023-03-31T08:45:19.912Z,100,2680
2023-03-31T08:45:20.912Z,100,2910
2023-03-31T08:45:21.916Z,100,3080
2023-03-31T08:45:22.920Z,100,2760
2023-03-31T08:45:23.924Z,100,2800
2023-03-31T08:45:24.924Z,100,2710
2023-03-31T08:45:25.929Z,100,3260
2023-03-31T08:45:26.932Z,100,2950
2023-03-31T08:45:27.936Z,100,2570
2023-03-31T08:45:28.940Z,100,3080
2023-03-31T08:45:29.942Z,100,2740
2023-03-31T08:45:30.944Z,100,2810
2023-03-31T08:45:31.948Z,100,2410
2023-03-31T08:45:32.950Z,100,2840
2023-03-31T08:45:33.952Z,100,3210
2023-03-31T08:45:34.956Z,100,2910
2023-03-31T08:45:35.957Z,100,3090
2023-03-31T08:45:36.960Z,100,2680
2023-03-31T08:45:37.964Z,100,3850
2023-03-31T08:45:38.968Z,100,3610
2023-03-31T08:45:39.972Z,100,3570
2023-03-31T08:45:40.974Z,100,3860
2023-03-31T08:45:41.976Z,100,2740
2023-03-31T08:45:42.980Z,100,2580
2023-03-31T08:45:43.984Z,100,3070
2023-03-31T08:45:44.988Z,100,4070
2023-03-31T08:45:45.992Z,100,2680
2023-03-31T08:45:46.996Z,100,3160
2023-03-31T08:45:47.999Z,100,4040
2023-03-31T08:45:48.999Z,100,2770
2023-03-31T08:45:50.000Z,100,3590
2023-03-31T08:45:51.004Z,100,3030
2023-03-31T08:45:52.008Z,100,3190
2023-03-31T08:45:53.012Z,100,4010
2023-03-31T08:45:54.012Z,100,4060
2023-03-31T08:45:55.014Z,100,3900
2023-03-31T08:45:56.016Z,100,3970
2023-03-31T08:45:57.020Z,100,3500
2023-03-31T08:45:58.024Z,100,3210
2023-03-31T08:45:59.028Z,100,3560
2023-03-31T08:46:00.028Z,100,2420
2023-03-31T08:46:01.028Z,100,4800
2023-03-31T08:46:02.028Z,100,4760
2023-03-31T08:46:03.030Z,100,3820
2023-03-31T08:46:04.032Z,100,3000
2023-03-31T08:46:05.036Z,100,3450
2023-03-31T08:46:06.040Z,100,2480
2023-03-31T08:46:07.044Z,100,2460
2023-03-31T08:46:08.047Z,100,2910
2023-03-31T08:46:09.048Z,100,2430
2023-03-31T08:46:10.052Z,100,3350
2023-03-31T08:46:11.056Z,100,2550
2023-03-31T08:46:12.059Z,100,3440
2023-03-31T08:46:13.061Z,100,3530
2023-03-31T08:46:14.064Z,100,2400
2023-03-31T08:46:15.068Z,100,2660
2023-03-31T08:46:16.072Z,100,2370
2023-03-31T08:46:17.076Z,100,4430
2023-03-31T08:46:18.078Z,100,3590
2023-03-31T08:46:19.083Z,100,3800
2023-03-31T08:46:20.084Z,100,3030
2023-03-31T08:46:21.088Z,100,3570
2023-03-31T08:46:22.088Z,100,4160
2023-03-31T08:46:23.092Z,100,3060
2023-03-31T08:46:24.096Z,100,3490
2023-03-31T08:46:25.096Z,100,3940
2023-03-31T08:46:26.096Z,100,3390
2023-03-31T08:46:27.097Z,100,3400
2023-03-31T08:46:28.100Z,100,2520
2023-03-31T08:46:29.104Z,100,3000
2023-03-31T08:46:30.105Z,100,2420
2023-03-31T08:46:31.108Z,100,3020
2023-03-31T08:46:32.112Z,100,2810
2023-03-31T08:46:33.116Z,100,2720
2023-03-31T08:46:34.116Z,100,2930
2023-03-31T08:46:35.120Z,100,2860
2023-03-31T08:46:36.124Z,100,3130
2023-03-31T08:46:37.128Z,100,3290
2023-03-31T08:46:38.128Z,100,3020
2023-03-31T08:46:39.128Z,100,2720
2023-03-31T08:46:40.132Z,100,2960
2023-03-31T08:46:41.132Z,100,2470
2023-03-31T08:46:42.133Z,100,2790
2023-03-31T08:46:43.134Z,100,3310
2023-03-31T08:46:44.134Z,100,3280
2023-03-31T08:46:45.135Z,100,3370
2023-03-31T08:46:46.135Z,100,2990
2023-03-31T08:46:47.136Z,100,2680
2023-03-31T08:46:48.137Z,100,2560
2023-03-31T08:46:49.137Z,100,3080
2023-03-31T08:46:50.137Z,100,3410
2023-03-31T08:46:51.138Z,100,3030
2023-03-31T08:46:52.140Z,100,4810
2023-03-31T08:46:53.140Z,100,4600
2023-03-31T08:46:54.141Z,100,3050
2023-03-31T08:46:55.142Z,100,2600
2023-03-31T08:46:56.144Z,100,3330
2023-03-31T08:46:57.144Z,100,3090
2023-03-31T08:46:58.148Z,100,2780
2023-03-31T08:46:59.152Z,100,2610
2023-03-31T08:47:00.156Z,100,3180
2023-03-31T08:47:01.156Z,100,2750
2023-03-31T08:47:02.158Z,100,3620
2023-03-31T08:47:03.160Z,100,3480
2023-03-31T08:47:04.160Z,100,2560
2023-03-31T08:47:05.164Z,100,2860
2023-03-31T08:47:06.168Z,100,2840
2023-03-31T08:47:07.172Z,100,3060
2023-03-31T08:47:08.172Z,100,2970
2023-03-31T08:47:09.176Z,100,3660
2023-03-31T08:47:10.177Z,100,2450
2023-03-31T08:47:11.180Z,100,2830
2023-03-31T08:47:12.184Z,100,3270
2023-03-31T08:47:13.189Z,100,2800
2023-03-31T08:47:14.192Z,100,3480
2023-03-31T08:47:15.196Z,100,2770
2023-03-31T08:47:16.200Z,100,2510
2023-03-31T08:47:17.204Z,100,5110
2023-03-31T08:47:18.204Z,100,3560
2023-03-31T08:47:19.208Z,100,3110
2023-03-31T08:47:20.212Z,100,2870
2023-03-31T08:47:21.212Z,100,3140
2023-03-31T08:47:22.213Z,100,3100
2023-03-31T08:47:23.216Z,100,3370
2023-03-31T08:47:24.216Z,100,3220
2023-03-31T08:47:25.220Z,100,3800
2023-03-31T08:47:26.220Z,100,3930
2023-03-31T08:47:27.220Z,100,3810
2023-03-31T08:47:28.224Z,100,2840
2023-03-31T08:47:29.228Z,100,2630
2023-03-31T08:47:30.232Z,100,3470
2023-03-31T08:47:31.232Z,100,2370
2023-03-31T08:47:32.233Z,100,3540
2023-03-31T08:47:33.236Z,100,2650
2023-03-31T08:47:34.236Z,100,3780
2023-03-31T08:47:35.240Z,100,3320
2023-03-31T08:47:36.244Z,100,2680
2023-03-31T08:47:37.248Z,100,2770
2023-03-31T08:47:38.252Z,100,3070
2023-03-31T08:47:39.256Z,100,2940
2023-03-31T08:47:40.260Z,100,2820
2023-03-31T08:47:41.264Z,100,2600
2023-03-31T08:47:42.268Z,100,3710
2023-03-31T08:47:43.272Z,100,3660
2023-03-31T08:47:44.273Z,100,2650
2023-03-31T08:47:45.276Z,100,2760
2023-03-31T08:47:46.280Z,100,2720
2023-03-31T08:47:47.284Z,100,2920
2023-03-31T08:47:48.284Z,100,3180
2023-03-31T08:47:49.288Z,100,2670
2023-03-31T08:47:50.291Z,100,2950
2023-03-31T08:47:51.292Z,100,2430
2023-03-31T08:47:52.296Z,100,2680
2023-03-31T08:47:53.296Z,100,2710
2023-03-31T08:47:54.296Z,100,3430
2023-03-31T08:47:55.297Z,100,3440
2023-03-31T08:47:56.300Z,100,2750
2023-03-31T08:47:57.304Z,100,2480
2023-03-31T08:47:58.304Z,100,4470
2023-03-31T08:47:59.308Z,100,2710
2023-03-31T08:48:00.312Z,100,3390
2023-03-31T08:48:01.316Z,100,2650
2023-03-31T08:48:02.320Z,100,3720
2023-03-31T08:48:03.324Z,100,2970
2023-03-31T08:48:04.328Z,100,3700
2023-03-31T08:48:05.328Z,100,4130
2023-03-31T08:48:06.328Z,100,3750
2023-03-31T08:48:07.332Z,100,2560
2023-03-31T08:48:08.336Z,100,3420
2023-03-31T08:48:09.340Z,100,2500
2023-03-31T08:48:10.344Z,100,2540
2023-03-31T08:48:11.348Z,100,3060
2023-03-31T08:48:12.352Z,100,3160
2023-03-31T08:48:13.356Z,100,3200
2023-03-31T08:48:14.360Z,100,3440
2023-03-31T08:48:15.360Z,100,3020
2023-03-31T08:48:16.364Z,100,3600
2023-03-31T08:48:17.368Z,100,3820
2023-03-31T08:48:18.368Z,100,2610
2023-03-31T08:48:19.372Z,100,2860
2023-03-31T08:48:20.376Z,100,3100
2023-03-31T08:48:21.380Z,100,2810
2023-03-31T08:48:22.381Z,100,4500
2023-03-31T08:48:23.380Z,100,2840
2023-03-31T08:48:24.384Z,100,3280
2023-03-31T08:48:25.384Z,100,3300
2023-03-31T08:48:26.388Z,100,2910
2023-03-31T08:48:27.390Z,100,3160
2023-03-31T08:48:28.392Z,100,2570
2023-03-31T08:48:29.396Z,100,2590
2023-03-31T08:48:30.400Z,100,2810
2023-03-31T08:48:31.400Z,100,2920
2023-03-31T08:48:32.404Z,100,3160
2023-03-31T08:48:33.408Z,100,2920
2023-03-31T08:48:34.408Z,100,4200
2023-03-31T08:48:35.408Z,100,3610
2023-03-31T08:48:36.408Z,100,2540
2023-03-31T08:48:37.408Z,100,3950
2023-03-31T08:48:38.410Z,100,2660
2023-03-31T08:48:39.410Z,100,2900
2023-03-31T08:48:40.412Z,100,3410
2023-03-31T08:48:41.413Z,100,2480
2023-03-31T08:48:42.413Z,100,3560
2023-03-31T08:48:43.414Z,100,5140
2023-03-31T08:48:44.416Z,100,3900
2023-03-31T08:48:45.416Z,100,3340
2023-03-31T08:48:46.417Z,100,2680
2023-03-31T08:48:47.417Z,100,2610
2023-03-31T08:48:48.418Z,100,4460
2023-03-31T08:48:49.418Z,100,3510
2023-03-31T08:48:50.419Z,100,3770
2023-03-31T08:48:51.420Z,100,2900
2023-03-31T08:48:52.421Z,100,4730
2023-03-31T08:48:53.422Z,100,4110
2023-03-31T08:48:54.423Z,100,3570
2023-03-31T08:48:55.423Z,100,2870
2023-03-31T08:48:56.423Z,100,3890
2023-03-31T08:48:57.424Z,100,3100
2023-03-31T08:48:58.424Z,100,3160
2023-03-31T08:48:59.426Z,100,4230
2023-03-31T08:49:00.427Z,100,3550
2023-03-31T08:49:01.427Z,100,3380
2023-03-31T08:49:02.428Z,100,3940
2023-03-31T08:49:03.428Z,100,3550
2023-03-31T08:49:04.428Z,100,3420
2023-03-31T08:49:05.428Z,100,2650
2023-03-31T08:49:06.430Z,100,2550
2023-03-31T08:49:07.430Z,100,3070
2023-03-31T08:49:08.431Z,100,2780
2023-03-31T08:49:09.431Z,100,2770
2023-03-31T08:49:10.431Z,100,4170
2023-03-31T08:49:11.432Z,100,2510
2023-03-31T08:49:12.433Z,100,3240
2023-03-31T08:49:13.434Z,100,3920
2023-03-31T08:49:14.435Z,100,3260
2023-03-31T08:49:15.436Z,100,2940
2023-03-31T08:49:16.436Z,100,3990
2023-03-31T08:49:17.438Z,100,3390
2023-03-31T08:49:18.438Z,100,3870
2023-03-31T08:49:19.440Z,100,3980
2023-03-31T08:49:20.440Z,100,3490
2023-03-31T08:49:21.442Z,100,3960
2023-03-31T08:49:22.443Z,100,4680
2023-03-31T08:49:23.444Z,100,3440
2023-03-31T08:49:24.444Z,100,3550
2023-03-31T08:49:25.445Z,100,4090
2023-03-31T08:49:26.446Z,100,5390
2023-03-31T08:49:27.447Z,100,3310
2023-03-31T08:49:28.447Z,100,4000
2023-03-31T08:49:29.448Z,100,3740
2023-03-31T08:49:30.448Z,100,4050
2023-03-31T08:49:31.449Z,100,5060
2023-03-31T08:49:32.449Z,100,3680
2023-03-31T08:49:33.450Z,100,3710
2023-03-31T08:49:34.451Z,100,3800
2023-03-31T08:49:35.453Z,100,3020
2023-03-31T08:49:36.453Z,100,3580
2023-03-31T08:49:37.454Z,100,4020
2023-03-31T08:49:38.454Z,100,4290
2023-03-31T08:49:39.456Z,100,3090
2023-03-31T08:49:40.456Z,100,2630
2023-03-31T08:49:41.457Z,100,3470
2023-03-31T08:49:42.457Z,100,3140
2023-03-31T08:49:43.459Z,100,4880
2023-03-31T08:49:44.459Z,100,3030
2023-03-31T08:49:45.460Z,100,4560
2023-03-31T08:49:46.460Z,100,3840
2023-03-31T08:49:47.461Z,100,4220
2023-03-31T08:49:48.462Z,100,2820
2023-03-31T08:49:49.463Z,100,2650
2023-03-31T08:49:50.464Z,100,3290
2023-03-31T08:49:51.464Z,100,2780
2023-03-31T08:49:52.465Z,100,2510
2023-03-31T08:49:53.465Z,100,2770
2023-03-31T08:49:54.467Z,100,2470
2023-03-31T08:49:55.467Z,100,5410
2023-03-31T08:49:56.468Z,100,2380
2023-03-31T08:49:57.469Z,100,4190
2023-03-31T08:49:58.469Z,100,4970
2023-03-31T08:49:59.471Z,100,5260
2023-03-31T08:50:00.471Z,100,3630
2023-03-31T08:50:01.472Z,100,3570
2023-03-31T08:50:02.472Z,100,4570
2023-03-31T08:50:03.473Z,100,3340
2023-03-31T08:50:04.475Z,100,2490
2023-03-31T08:50:05.475Z,100,3500
2023-03-31T08:50:06.476Z,100,2680
2023-03-31T08:50:07.477Z,100,3040
2023-03-31T08:50:08.478Z,100,2660
2023-03-31T08:50:09.479Z,100,3130
2023-03-31T08:50:10.480Z,100,2730
2023-03-31T08:50:11.482Z,100,3000
2023-03-31T08:50:12.483Z,100,3400
2023-03-31T08:50:13.483Z,100,2730
2023-03-31T08:50:14.484Z,100,2870
2023-03-31T08:50:15.485Z,100,2960
2023-03-31T08:50:16.486Z,100,3770
2023-03-31T08:50:17.486Z,100,4310
2023-03-31T08:50:18.486Z,100,2840
2023-03-31T08:50:19.486Z,100,4190
2023-03-31T08:50:20.487Z,100,3070
2023-03-31T08:50:21.488Z,100,3310
2023-03-31T08:50:22.488Z,100,4860
2023-03-31T08:50:23.490Z,100,2900
2023-03-31T08:50:24.490Z,100,3060
2023-03-31T08:50:25.490Z,100,3990
2023-03-31T08:50:26.491Z,100,4640
2023-03-31T08:50:27.492Z,100,4420
2023-03-31T08:50:28.492Z,100,2770
2023-03-31T08:50:29.493Z,100,2530
2023-03-31T08:50:30.495Z,100,3540
2023-03-31T08:50:31.495Z,100,3520
2023-03-31T08:50:32.496Z,100,3090
2023-03-31T08:50:33.496Z,100,3730
2023-03-31T08:50:34.496Z,100,3780
2023-03-31T08:50:35.496Z,100,3800
2023-03-31T08:50:36.496Z,100,4230
2023-03-31T08:50:37.496Z,100,3480
2023-03-31T08:50:38.496Z,100,4280
2023-03-31T08:50:39.496Z,100,3840
2023-03-31T08:50:40.498Z,100,3930
2023-03-31T08:50:41.498Z,100,4010
2023-03-31T08:50:42.499Z,100,4120
2023-03-31T08:50:43.499Z,100,3920
2023-03-31T08:50:44.500Z,100,3730
2023-03-31T08:50:45.500Z,100,3400
2023-03-31T08:50:46.501Z,100,3300
2023-03-31T08:50:47.502Z,100,4500
2023-03-31T08:50:48.504Z,100,4650
2023-03-31T08:50:49.504Z,100,4860
2023-03-31T08:50:50.505Z,100,4610
2023-03-31T08:50:51.505Z,100,2950
2023-03-31T08:50:52.506Z,100,2940
2023-03-31T08:50:53.508Z,100,2920
2023-03-31T08:50:54.508Z,100,4990
2023-03-31T08:50:55.509Z,100,3560
2023-03-31T08:50:56.509Z,100,3470
2023-03-31T08:50:57.509Z,100,3880
2023-03-31T08:50:58.512Z,100,4120
2023-03-31T08:50:59.516Z,100,4880
2023-03-31T08:51:00.520Z,100,2930
2023-03-31T08:51:01.524Z,100,3220
2023-03-31T08:51:02.529Z,100,4840
2023-03-31T08:51:03.533Z,100,2570
2023-03-31T08:51:04.536Z,100,3660
2023-03-31T08:51:05.538Z,100,2610
2023-03-31T08:51:06.540Z,100,2920
2023-03-31T08:51:07.544Z,100,3020
2023-03-31T08:51:08.544Z,100,2580
2023-03-31T08:51:09.548Z,100,3630
2023-03-31T08:51:10.552Z,100,2730
2023-03-31T08:51:11.552Z,100,2750
2023-03-31T08:51:12.556Z,100,3220
2023-03-31T08:51:13.559Z,100,2750
2023-03-31T08:51:14.560Z,100,3640
2023-03-31T08:51:15.564Z,100,2400
2023-03-31T08:51:16.564Z,100,4530
2023-03-31T08:51:17.568Z,100,3010
2023-03-31T08:51:18.569Z,100,3370
2023-03-31T08:51:19.569Z,100,3440
2023-03-31T08:51:20.569Z,100,3530
2023-03-31T08:51:21.570Z,100,3490
2023-03-31T08:51:22.570Z,100,3340
2023-03-31T08:51:23.571Z,100,5090
2023-03-31T08:51:24.572Z,100,3880
2023-03-31T08:51:25.572Z,100,2860
2023-03-31T08:51:26.573Z,100,3380
2023-03-31T08:51:27.575Z,100,3800
2023-03-31T08:51:28.574Z,100,3600
2023-03-31T08:51:29.576Z,100,3870
2023-03-31T08:51:30.576Z,100,2720
2023-03-31T08:51:31.577Z,100,2910
2023-03-31T08:51:32.577Z,100,3030
2023-03-31T08:51:33.578Z,100,3080
2023-03-31T08:51:34.578Z,100,4140
2023-03-31T08:51:35.579Z,100,3200
2023-03-31T08:51:36.580Z,100,3110
2023-03-31T08:51:37.580Z,100,2880
2023-03-31T08:51:38.581Z,100,2970
2023-03-31T08:51:39.582Z,100,3010
2023-03-31T08:51:40.583Z,100,3980
2023-03-31T08:51:41.584Z,100,2880
2023-03-31T08:51:42.584Z,100,2630
2023-03-31T08:51:43.586Z,100,2890
2023-03-31T08:51:44.586Z,100,3130
2023-03-31T08:51:45.587Z,100,3030
2023-03-31T08:51:46.587Z,100,3440
2023-03-31T08:51:47.588Z,100,3230
2023-03-31T08:51:48.589Z,100,4470
2023-03-31T08:51:49.589Z,100,4490
2023-03-31T08:51:50.589Z,100,4820
2023-03-31T08:51:51.589Z,100,3750
2023-03-31T08:51:52.592Z,100,3590
2023-03-31T08:51:53.594Z,100,4240
2023-03-31T08:51:54.596Z,100,3110
2023-03-31T08:51:55.600Z,100,3380
2023-03-31T08:51:56.604Z,100,3080
2023-03-31T08:51:57.608Z,100,3930
2023-03-31T08:51:58.612Z,100,3430
2023-03-31T08:51:59.616Z,100,3080
2023-03-31T08:52:00.620Z,100,3340
2023-03-31T08:52:01.621Z,100,2600
2023-03-31T08:52:02.624Z,100,2810
2023-03-31T08:52:03.628Z,100,2790
2023-03-31T08:52:04.632Z,100,2680
2023-03-31T08:52:05.632Z,100,3260
2023-03-31T08:52:06.636Z,100,2390
2023-03-31T08:52:07.640Z,100,2480
2023-03-31T08:52:08.643Z,100,2570
2023-03-31T08:52:09.644Z,100,3540
2023-03-31T08:52:10.648Z,100,3120
2023-03-31T08:52:11.652Z,100,4150
2023-03-31T08:52:12.652Z,100,3020
2023-03-31T08:52:13.656Z,100,2720
2023-03-31T08:52:14.660Z,100,2900
2023-03-31T08:52:15.664Z,100,2590
2023-03-31T08:52:16.668Z,100,2980
2023-03-31T08:52:17.672Z,100,3230
2023-03-31T08:52:18.672Z,100,3080
2023-03-31T08:52:19.672Z,100,3440
2023-03-31T08:52:20.676Z,100,2930
2023-03-31T08:52:21.680Z,100,2940
2023-03-31T08:52:22.680Z,100,2840
2023-03-31T08:52:23.684Z,100,3040
2023-03-31T08:52:24.688Z,100,3190
2023-03-31T08:52:25.692Z,100,2930
2023-03-31T08:52:26.692Z,100,2850
2023-03-31T08:52:27.692Z,100,3610
2023-03-31T08:52:28.692Z,100,3430
2023-03-31T08:52:29.696Z,100,2490
2023-03-31T08:52:30.700Z,100,2560
2023-03-31T08:52:31.701Z,100,3760
2023-03-31T08:52:32.704Z,100,3020
2023-03-31T08:52:33.708Z,100,2570
2023-03-31T08:52:34.712Z,100,2610
2023-03-31T08:52:35.712Z,100,2700
2023-03-31T08:52:36.712Z,100,2610
2023-03-31T08:52:37.716Z,100,3390
2023-03-31T08:52:38.720Z,100,2460
2023-03-31T08:52:39.724Z,100,2720
2023-03-31T08:52:40.728Z,100,2870
2023-03-31T08:52:41.732Z,100,2510
2023-03-31T08:52:42.736Z,100,3450
2023-03-31T08:52:43.736Z,100,2450
2023-03-31T08:52:44.740Z,100,2550
2023-03-31T08:52:45.743Z,100,2680
2023-03-31T08:52:46.744Z,100,2740
2023-03-31T08:52:47.748Z,100,2970
2023-03-31T08:52:48.749Z,100,3490
2023-03-31T08:52:49.752Z,100,2920
2023-03-31T08:52:50.752Z,100,2320
2023-03-31T08:52:51.756Z,100,2490
2023-03-31T08:52:52.760Z,100,2900
2023-03-31T08:52:53.764Z,100,3470
2023-03-31T08:52:54.768Z,100,3130
2023-03-31T08:52:55.772Z,100,2750
2023-03-31T08:52:56.776Z,100,2850
2023-03-31T08:52:57.776Z,100,2810
2023-03-31T08:52:58.777Z,100,3100
2023-03-31T08:52:59.778Z,100,4090
2023-03-31T08:53:00.780Z,100,3200
2023-03-31T08:53:01.780Z,100,4070
2023-03-31T08:53:02.782Z,100,4430
2023-03-31T08:53:03.784Z,100,3790
2023-03-31T08:53:04.788Z,100,2980
2023-03-31T08:53:05.790Z,100,3590
2023-03-31T08:53:06.792Z,100,3500
2023-03-31T08:53:07.796Z,100,2860
2023-03-31T08:53:08.800Z,100,2780
2023-03-31T08:53:09.804Z,100,3940
2023-03-31T08:53:10.804Z,100,3930
2023-03-31T08:53:11.804Z,100,2790
2023-03-31T08:53:12.807Z,100,3400
2023-03-31T08:53:13.808Z,100,3120
2023-03-31T08:53:14.810Z,100,3180
2023-03-31T08:53:15.812Z,100,2450
2023-03-31T08:53:16.812Z,100,3710
2023-03-31T08:53:17.812Z,100,3140
2023-03-31T08:53:18.813Z,100,3100
2023-03-31T08:53:19.816Z,100,2950
2023-03-31T08:53:20.820Z,100,3190
2023-03-31T08:53:21.824Z,100,3300
2023-03-31T08:53:22.826Z,100,2850
2023-03-31T08:53:23.828Z,100,3400
2023-03-31T08:53:24.828Z,100,2890
2023-03-31T08:53:25.832Z,100,3030
2023-03-31T08:53:26.835Z,100,3180
2023-03-31T08:53:27.836Z,100,2770
2023-03-31T08:53:28.840Z,100,2450
2023-03-31T08:53:29.840Z,100,3080
2023-03-31T08:53:30.840Z,100,2830
2023-03-31T08:53:31.844Z,100,3710
2023-03-31T08:53:32.848Z,100,3220
2023-03-31T08:53:33.848Z,100,3010
2023-03-31T08:53:34.852Z,100,2450
2023-03-31T08:53:35.856Z,100,2650
2023-03-31T08:53:36.860Z,100,3030
2023-03-31T08:53:37.864Z,100,2850
2023-03-31T08:53:38.865Z,100,3260
2023-03-31T08:53:39.866Z,100,2620
2023-03-31T08:53:40.867Z,100,2520
2023-03-31T08:53:41.868Z,100,3230
2023-03-31T08:53:42.868Z,100,3400
2023-03-31T08:53:43.870Z,100,3030
2023-03-31T08:53:44.870Z,100,3890
2023-03-31T08:53:45.871Z,100,2900
2023-03-31T08:53:46.872Z,100,2680
2023-03-31T08:53:47.872Z,100,3170
